<?xml version="1.0" encoding="UTF-8" standalone="yes"?>
<Earth_Explorer_File xmlns="http://gs2.esa.int/DATA_STRUCTURE/olqcReport">
    <Earth_Explorer_Header>
        <Fixed_Header>
            <File_Name>S2B_OPER_MSI_L1C_DS_2BPS_20230605T131150_S20230605T111628_FORMAT_CORRECTNESS_report.xml</File_Name>
            <File_Description>Report produced by OLQC-SC</File_Description>
            <Notes></Notes>
            <Mission>S2B</Mission>
            <File_Class>OPER</File_Class>
            <File_Type>REP_OLQCPA</File_Type>
            <Validity_Period>
                <Validity_Start>UTC=2022-08-30T00:25:00</Validity_Start>
                <Validity_Stop>UTC=2100-01-01T00:00:00</Validity_Stop>
            </Validity_Period>
            <File_Version>2</File_Version>
            <Source>
                <System>OLQC-SC</System>
                <Creator>OLQC-SC</Creator>
                <Creator_Version>06.01.00</Creator_Version>
                <Creation_Date>UTC=2023-06-05T14:12:00</Creation_Date>
            </Source>
        </Fixed_Header>
    </Earth_Explorer_Header>
    <Data_Block type="xml">
        <report gippVersion="1.0" globalStatus="PASSED" date="2023-06-05T14:12:00.839Z">
            <checkList>
                <parentID>S2B_OPER_GIP_OLQCPA_MPC__20220715T000042_V20220830T002500</parentID>
                <name>FORMAT_CORRECTNESS</name>
                <version>1.0</version>
                <item url="/mnt/shared/S2-EXECUTION-CONTEXT-csgroup/98b99513-00b7-4aa4-9a83-38443a5f6bd2/RefiningFinalize/FORMAT_METADATA_DS_L1C/output/PDI_DS/S2B_OPER_MSI_L1C_DS_2BPS_20230605T131150_S20230605T111628_N05.09/" className="PDI Level 1C Datastrip Folder" name="S2B_OPER_MSI_L1C_DS_2BPS_20230605T131150_S20230605T111628_N05.09" class="http://www.esa.int/s2#pdi_level_1c_datastrip_container"/>
                <check>
                    <inspection creation="2023-06-05T14:12:00.661Z" duration="36" execution="2023-06-05T14:12:00.795Z" id="indexCategory" item="S2B_OPER_MSI_L1C_DS_2BPS_20230605T131150_S20230605T111628_N05.09" itemURL="/mnt/shared/S2-EXECUTION-CONTEXT-csgroup/98b99513-00b7-4aa4-9a83-38443a5f6bd2/RefiningFinalize/FORMAT_METADATA_DS_L1C/output/PDI_DS/S2B_OPER_MSI_L1C_DS_2BPS_20230605T131150_S20230605T111628_N05.09/" name="Checks if Index Category is correctly defined. " priority="5" processingStatus="done" status="PASSED"/>
                    <message contentType="text/plain">No Index classification in product.</message>
                </check>
                <check>
                    <inspection creation="2023-06-05T14:12:00.840Z" duration="20" execution="2023-06-05T14:12:00.865Z" id="frameSetClassification" item="S2B_OPER_MSI_L1C_DS_2BPS_20230605T131150_S20230605T111628_N05.09" itemURL="/mnt/shared/S2-EXECUTION-CONTEXT-csgroup/98b99513-00b7-4aa4-9a83-38443a5f6bd2/RefiningFinalize/FORMAT_METADATA_DS_L1C/output/PDI_DS/S2B_OPER_MSI_L1C_DS_2BPS_20230605T131150_S20230605T111628_N05.09/" name="Checks if MeasurementFrameSet Classification is correctly defined. " priority="5" processingStatus="done" status="PASSED"/>
                    <message contentType="text/plain">Classification ok for : measurementFrameSet</message>
                </check>
                <check>
                    <inspection creation="2023-06-05T14:12:00.887Z" duration="4" execution="2023-06-05T14:12:00.909Z" id="platformClassification" item="S2B_OPER_MSI_L1C_DS_2BPS_20230605T131150_S20230605T111628_N05.09" itemURL="/mnt/shared/S2-EXECUTION-CONTEXT-csgroup/98b99513-00b7-4aa4-9a83-38443a5f6bd2/RefiningFinalize/FORMAT_METADATA_DS_L1C/output/PDI_DS/S2B_OPER_MSI_L1C_DS_2BPS_20230605T131150_S20230605T111628_N05.09/" name="Checks if Platform Classification is correctly defined. " priority="5" processingStatus="done" status="PASSED"/>
                    <message contentType="text/plain">Platform Classification is Ok.</message>
                </check>
                <check>
                    <inspection creation="2023-06-05T14:12:00.915Z" duration="15" execution="2023-06-05T14:12:00.930Z" id="orbitReferenceCategory" item="S2B_OPER_MSI_L1C_DS_2BPS_20230605T131150_S20230605T111628_N05.09" itemURL="/mnt/shared/S2-EXECUTION-CONTEXT-csgroup/98b99513-00b7-4aa4-9a83-38443a5f6bd2/RefiningFinalize/FORMAT_METADATA_DS_L1C/output/PDI_DS/S2B_OPER_MSI_L1C_DS_2BPS_20230605T131150_S20230605T111628_N05.09/" name="Checks if Orbit Reference Category is correctly defined. " priority="5" processingStatus="done" status="PASSED"/>
                    <message contentType="text/plain">Category ok for : measurementOrbitReference</message>
                </check>
                <check>
                    <inspection creation="2023-06-05T14:12:00.947Z" duration="3" execution="2023-06-05T14:12:00.956Z" id="processingExists" item="S2B_OPER_MSI_L1C_DS_2BPS_20230605T131150_S20230605T111628_N05.09" itemURL="/mnt/shared/S2-EXECUTION-CONTEXT-csgroup/98b99513-00b7-4aa4-9a83-38443a5f6bd2/RefiningFinalize/FORMAT_METADATA_DS_L1C/output/PDI_DS/S2B_OPER_MSI_L1C_DS_2BPS_20230605T131150_S20230605T111628_N05.09/" name="Checks if Processing metadata is present. " priority="5" processingStatus="done" status="PASSED"/>
                    <message contentType="text/plain">Processing exists.</message>
                </check>
                <check>
                    <inspection creation="2023-06-05T14:12:00.961Z" duration="12" execution="2023-06-05T14:12:00.974Z" id="gridReferenceClassification" item="S2B_OPER_MSI_L1C_DS_2BPS_20230605T131150_S20230605T111628_N05.09" itemURL="/mnt/shared/S2-EXECUTION-CONTEXT-csgroup/98b99513-00b7-4aa4-9a83-38443a5f6bd2/RefiningFinalize/FORMAT_METADATA_DS_L1C/output/PDI_DS/S2B_OPER_MSI_L1C_DS_2BPS_20230605T131150_S20230605T111628_N05.09/" name="Checks if Grid Reference Classification is correctly defined. " priority="5" processingStatus="done" status="PASSED"/>
                    <message contentType="text/plain">No Index classification in product.</message>
                </check>
                <check>
                    <inspection creation="2023-06-05T14:12:00.987Z" duration="13" execution="2023-06-05T14:12:01.029Z" id="hrefExist" item="S2B_OPER_MSI_L1C_DS_2BPS_20230605T131150_S20230605T111628_N05.09" itemURL="/mnt/shared/S2-EXECUTION-CONTEXT-csgroup/98b99513-00b7-4aa4-9a83-38443a5f6bd2/RefiningFinalize/FORMAT_METADATA_DS_L1C/output/PDI_DS/S2B_OPER_MSI_L1C_DS_2BPS_20230605T131150_S20230605T111628_N05.09/" name="Checks if all external references are present in the product directory. " priority="5" processingStatus="done" status="PASSED"/>
                    <message contentType="text/plain">All external references are present in the product directory.</message>
                </check>
                <check>
                    <inspection creation="2023-06-05T14:12:01.043Z" duration="9" execution="2023-06-05T14:12:01.050Z" id="indexClassification" item="S2B_OPER_MSI_L1C_DS_2BPS_20230605T131150_S20230605T111628_N05.09" itemURL="/mnt/shared/S2-EXECUTION-CONTEXT-csgroup/98b99513-00b7-4aa4-9a83-38443a5f6bd2/RefiningFinalize/FORMAT_METADATA_DS_L1C/output/PDI_DS/S2B_OPER_MSI_L1C_DS_2BPS_20230605T131150_S20230605T111628_N05.09/" name="Checks if Index Classification is correctly defined. " priority="5" processingStatus="done" status="PASSED"/>
                    <message contentType="text/plain">No Index classification in product.</message>
                </check>
                <check>
                    <inspection creation="2023-06-05T14:12:01.060Z" duration="10" execution="2023-06-05T14:12:01.067Z" id="orbitReferenceClassification" item="S2B_OPER_MSI_L1C_DS_2BPS_20230605T131150_S20230605T111628_N05.09" itemURL="/mnt/shared/S2-EXECUTION-CONTEXT-csgroup/98b99513-00b7-4aa4-9a83-38443a5f6bd2/RefiningFinalize/FORMAT_METADATA_DS_L1C/output/PDI_DS/S2B_OPER_MSI_L1C_DS_2BPS_20230605T131150_S20230605T111628_N05.09/" name="Checks if Orbit Reference Classification is correctly defined. " priority="5" processingStatus="done" status="PASSED"/>
                    <message contentType="text/plain">Classification ok for : measurementOrbitReference</message>
                </check>
                <check>
                    <inspection creation="2023-06-05T14:12:01.078Z" duration="10" execution="2023-06-05T14:12:01.084Z" id="informationCategory" item="S2B_OPER_MSI_L1C_DS_2BPS_20230605T131150_S20230605T111628_N05.09" itemURL="/mnt/shared/S2-EXECUTION-CONTEXT-csgroup/98b99513-00b7-4aa4-9a83-38443a5f6bd2/RefiningFinalize/FORMAT_METADATA_DS_L1C/output/PDI_DS/S2B_OPER_MSI_L1C_DS_2BPS_20230605T131150_S20230605T111628_N05.09/" name="Checks if Information Category is correctly defined. " priority="5" processingStatus="done" status="PASSED"/>
                    <message contentType="text/plain">Category ok for : S2_Level-1C_Datastrip_Information</message>
                </check>
                <check>
                    <inspection creation="2023-06-05T14:12:01.095Z" duration="2" execution="2023-06-05T14:12:01.101Z" id="acquisitionPeriodClassification" item="S2B_OPER_MSI_L1C_DS_2BPS_20230605T131150_S20230605T111628_N05.09" itemURL="/mnt/shared/S2-EXECUTION-CONTEXT-csgroup/98b99513-00b7-4aa4-9a83-38443a5f6bd2/RefiningFinalize/FORMAT_METADATA_DS_L1C/output/PDI_DS/S2B_OPER_MSI_L1C_DS_2BPS_20230605T131150_S20230605T111628_N05.09/" name="Checks if Acquisition Period Classification is correctly defined. " priority="5" processingStatus="done" status="PASSED"/>
                    <message contentType="text/plain">Acquisition Period Classification is Ok.</message>
                </check>
                <check>
                    <inspection creation="2023-06-05T14:12:01.105Z" duration="9" execution="2023-06-05T14:12:01.113Z" id="schemaCategory" item="S2B_OPER_MSI_L1C_DS_2BPS_20230605T131150_S20230605T111628_N05.09" itemURL="/mnt/shared/S2-EXECUTION-CONTEXT-csgroup/98b99513-00b7-4aa4-9a83-38443a5f6bd2/RefiningFinalize/FORMAT_METADATA_DS_L1C/output/PDI_DS/S2B_OPER_MSI_L1C_DS_2BPS_20230605T131150_S20230605T111628_N05.09/" name="Checks if Schema Category is correctly defined. " priority="5" processingStatus="done" status="PASSED"/>
                    <message contentType="text/plain">Category ok for : S2_Level-1C_Datastrip_Schema, Inventory_Metadata_Schema, OLQC_Report_Schema</message>
                </check>
                <check>
                    <inspection creation="2023-06-05T14:12:01.123Z" duration="2" execution="2023-06-05T14:12:01.127Z" id="acquisitionPeriodCategory" item="S2B_OPER_MSI_L1C_DS_2BPS_20230605T131150_S20230605T111628_N05.09" itemURL="/mnt/shared/S2-EXECUTION-CONTEXT-csgroup/98b99513-00b7-4aa4-9a83-38443a5f6bd2/RefiningFinalize/FORMAT_METADATA_DS_L1C/output/PDI_DS/S2B_OPER_MSI_L1C_DS_2BPS_20230605T131150_S20230605T111628_N05.09/" name="Checks if Acquisition Period Category is correctly defined. " priority="5" processingStatus="done" status="PASSED"/>
                    <message contentType="text/plain">Acquisition Period Category is Ok.</message>
                </check>
                <check>
                    <inspection creation="2023-06-05T14:12:01.130Z" duration="8" execution="2023-06-05T14:12:01.136Z" id="gridReferenceCategory" item="S2B_OPER_MSI_L1C_DS_2BPS_20230605T131150_S20230605T111628_N05.09" itemURL="/mnt/shared/S2-EXECUTION-CONTEXT-csgroup/98b99513-00b7-4aa4-9a83-38443a5f6bd2/RefiningFinalize/FORMAT_METADATA_DS_L1C/output/PDI_DS/S2B_OPER_MSI_L1C_DS_2BPS_20230605T131150_S20230605T111628_N05.09/" name="Checks if Grid Reference Category is correctly defined. " priority="5" processingStatus="done" status="PASSED"/>
                    <message contentType="text/plain">No Index classification in product.</message>
                </check>
                <check>
                    <inspection creation="2023-06-05T14:12:01.145Z" duration="2" execution="2023-06-05T14:12:01.149Z" id="acquisitionPeriodExists" item="S2B_OPER_MSI_L1C_DS_2BPS_20230605T131150_S20230605T111628_N05.09" itemURL="/mnt/shared/S2-EXECUTION-CONTEXT-csgroup/98b99513-00b7-4aa4-9a83-38443a5f6bd2/RefiningFinalize/FORMAT_METADATA_DS_L1C/output/PDI_DS/S2B_OPER_MSI_L1C_DS_2BPS_20230605T131150_S20230605T111628_N05.09/" name="Checks if Acquisition Period is present. " priority="5" processingStatus="done" status="PASSED"/>
                    <message contentType="text/plain">Acquisition Period exists.</message>
                </check>
                <check>
                    <inspection creation="2023-06-05T14:12:01.152Z" duration="2" execution="2023-06-05T14:12:01.157Z" id="processingCategory" item="S2B_OPER_MSI_L1C_DS_2BPS_20230605T131150_S20230605T111628_N05.09" itemURL="/mnt/shared/S2-EXECUTION-CONTEXT-csgroup/98b99513-00b7-4aa4-9a83-38443a5f6bd2/RefiningFinalize/FORMAT_METADATA_DS_L1C/output/PDI_DS/S2B_OPER_MSI_L1C_DS_2BPS_20230605T131150_S20230605T111628_N05.09/" name="Checks if Processing Category is correctly defined. " priority="5" processingStatus="done" status="PASSED"/>
                    <message contentType="text/plain">Processing Category is Ok.</message>
                </check>
                <check>
                    <inspection creation="2023-06-05T14:12:03.400Z" duration="0" execution="2023-06-05T14:12:03.405Z" id="Start_Stop_Time" item="S2B_OPER_MTD_L1C_DS_2BPS_20230605T131150_S20230605T111628.xml" itemURL="/mnt/shared/S2-EXECUTION-CONTEXT-csgroup/98b99513-00b7-4aa4-9a83-38443a5f6bd2/RefiningFinalize/FORMAT_METADATA_DS_L1C/output/PDI_DS/S2B_OPER_MSI_L1C_DS_2BPS_20230605T131150_S20230605T111628_N05.09/S2B_OPER_MTD_L1C_DS_2BPS_20230605T131150_S20230605T111628.xml" name="Check start/stop time validity. " priority="5" processingStatus="done" status="PASSED"/>
                    <message contentType="text/plain">Sensing period is valid. </message>
                    <extraValues>
                        <value name="SENSING_START">2023-06-05T11:16:28.565Z</value>
                        <value name="SENSING_STOP">2023-06-05T11:29:13.413Z</value>
                    </extraValues>
                </check>
                <check>
                    <inspection creation="2023-06-05T14:12:03.416Z" duration="8" execution="2023-06-05T14:12:03.422Z" id="frameSetCategory" item="S2B_OPER_MSI_L1C_DS_2BPS_20230605T131150_S20230605T111628_N05.09" itemURL="/mnt/shared/S2-EXECUTION-CONTEXT-csgroup/98b99513-00b7-4aa4-9a83-38443a5f6bd2/RefiningFinalize/FORMAT_METADATA_DS_L1C/output/PDI_DS/S2B_OPER_MSI_L1C_DS_2BPS_20230605T131150_S20230605T111628_N05.09/" name="Checks if MeasurementFrameSet Category is correctly defined. " priority="5" processingStatus="done" status="PASSED"/>
                    <message contentType="text/plain">Category ok for : measurementFrameSet</message>
                </check>
                <check>
                    <inspection creation="2023-06-05T14:12:03.430Z" duration="10" execution="2023-06-05T14:12:03.435Z" id="extraData" item="S2B_OPER_MSI_L1C_DS_2BPS_20230605T131150_S20230605T111628_N05.09" itemURL="/mnt/shared/S2-EXECUTION-CONTEXT-csgroup/98b99513-00b7-4aa4-9a83-38443a5f6bd2/RefiningFinalize/FORMAT_METADATA_DS_L1C/output/PDI_DS/S2B_OPER_MSI_L1C_DS_2BPS_20230605T131150_S20230605T111628_N05.09/" name="Checks if Extra Files are present in product directory. " priority="5" processingStatus="done" status="PASSED"/>
                    <message contentType="text/plain">No Extra Files found in product directory.</message>
                </check>
                <check>
                    <inspection creation="2023-06-05T14:12:03.446Z" duration="7" execution="2023-06-05T14:12:03.451Z" id="qualityInformationCategory" item="S2B_OPER_MSI_L1C_DS_2BPS_20230605T131150_S20230605T111628_N05.09" itemURL="/mnt/shared/S2-EXECUTION-CONTEXT-csgroup/98b99513-00b7-4aa4-9a83-38443a5f6bd2/RefiningFinalize/FORMAT_METADATA_DS_L1C/output/PDI_DS/S2B_OPER_MSI_L1C_DS_2BPS_20230605T131150_S20230605T111628_N05.09/" name="Checks if Quality Information Category is correctly defined. " priority="5" processingStatus="done" status="PASSED"/>
                    <message contentType="text/plain">No Index classification in product.</message>
                </check>
                <check>
                    <inspection creation="2023-06-05T14:12:03.459Z" duration="2" execution="2023-06-05T14:12:03.463Z" id="platformCategory" item="S2B_OPER_MSI_L1C_DS_2BPS_20230605T131150_S20230605T111628_N05.09" itemURL="/mnt/shared/S2-EXECUTION-CONTEXT-csgroup/98b99513-00b7-4aa4-9a83-38443a5f6bd2/RefiningFinalize/FORMAT_METADATA_DS_L1C/output/PDI_DS/S2B_OPER_MSI_L1C_DS_2BPS_20230605T131150_S20230605T111628_N05.09/" name="Checks if Platform Category is correctly defined. " priority="5" processingStatus="done" status="PASSED"/>
                    <message contentType="text/plain">Platform Category is Ok.</message>
                </check>
                <check>
                    <inspection creation="2023-06-05T14:12:03.466Z" duration="2" execution="2023-06-05T14:12:03.469Z" id="checkSafeManifest" item="S2B_OPER_MSI_L1C_DS_2BPS_20230605T131150_S20230605T111628_N05.09" itemURL="/mnt/shared/S2-EXECUTION-CONTEXT-csgroup/98b99513-00b7-4aa4-9a83-38443a5f6bd2/RefiningFinalize/FORMAT_METADATA_DS_L1C/output/PDI_DS/S2B_OPER_MSI_L1C_DS_2BPS_20230605T131150_S20230605T111628_N05.09/" name="Safe Manifest check. " priority="5" processingStatus="done" status="PASSED"/>
                    <message contentType="text/plain">Safe manifest present.</message>
                </check>
                <check>
                    <inspection creation="2023-06-05T14:12:03.472Z" duration="7" execution="2023-06-05T14:12:03.477Z" id="informationClassification" item="S2B_OPER_MSI_L1C_DS_2BPS_20230605T131150_S20230605T111628_N05.09" itemURL="/mnt/shared/S2-EXECUTION-CONTEXT-csgroup/98b99513-00b7-4aa4-9a83-38443a5f6bd2/RefiningFinalize/FORMAT_METADATA_DS_L1C/output/PDI_DS/S2B_OPER_MSI_L1C_DS_2BPS_20230605T131150_S20230605T111628_N05.09/" name="Checks if Information Classification is correctly defined. " priority="5" processingStatus="done" status="PASSED"/>
                    <message contentType="text/plain">Classification ok for : S2_Level-1C_Datastrip_Information</message>
                </check>
                <check>
                    <inspection creation="2023-06-05T14:12:03.484Z" duration="340" execution="2023-06-05T14:12:03.488Z" id="checkMetadata" item="S2B_OPER_MSI_L1C_DS_2BPS_20230605T131150_S20230605T111628_N05.09" itemURL="/mnt/shared/S2-EXECUTION-CONTEXT-csgroup/98b99513-00b7-4aa4-9a83-38443a5f6bd2/RefiningFinalize/FORMAT_METADATA_DS_L1C/output/PDI_DS/S2B_OPER_MSI_L1C_DS_2BPS_20230605T131150_S20230605T111628_N05.09/" name="Metadata file check. " priority="5" processingStatus="done" status="PASSED"/>
                    <message contentType="text/plain">Metadata file is present.</message>
                </check>
                <check>
                    <inspection creation="2023-06-05T14:12:03.831Z" duration="7" execution="2023-06-05T14:12:03.837Z" id="schemaClassification" item="S2B_OPER_MSI_L1C_DS_2BPS_20230605T131150_S20230605T111628_N05.09" itemURL="/mnt/shared/S2-EXECUTION-CONTEXT-csgroup/98b99513-00b7-4aa4-9a83-38443a5f6bd2/RefiningFinalize/FORMAT_METADATA_DS_L1C/output/PDI_DS/S2B_OPER_MSI_L1C_DS_2BPS_20230605T131150_S20230605T111628_N05.09/" name="Checks if Schema Classification is correctly defined. " priority="5" processingStatus="done" status="PASSED"/>
                    <message contentType="text/plain">Classification ok for : S2_Level-1C_Datastrip_Schema, Inventory_Metadata_Schema, OLQC_Report_Schema</message>
                </check>
                <check>
                    <inspection creation="2023-06-05T14:12:03.846Z" duration="7" execution="2023-06-05T14:12:03.851Z" id="annotationClassification" item="S2B_OPER_MSI_L1C_DS_2BPS_20230605T131150_S20230605T111628_N05.09" itemURL="/mnt/shared/S2-EXECUTION-CONTEXT-csgroup/98b99513-00b7-4aa4-9a83-38443a5f6bd2/RefiningFinalize/FORMAT_METADATA_DS_L1C/output/PDI_DS/S2B_OPER_MSI_L1C_DS_2BPS_20230605T131150_S20230605T111628_N05.09/" name="Checks if Annotation Classification is correctly defined. " priority="5" processingStatus="done" status="PASSED"/>
                    <message contentType="text/plain">No Index classification in product.</message>
                </check>
                <check>
                    <inspection creation="2023-06-05T14:12:03.858Z" duration="8" execution="2023-06-05T14:12:03.863Z" id="annotationCategory" item="S2B_OPER_MSI_L1C_DS_2BPS_20230605T131150_S20230605T111628_N05.09" itemURL="/mnt/shared/S2-EXECUTION-CONTEXT-csgroup/98b99513-00b7-4aa4-9a83-38443a5f6bd2/RefiningFinalize/FORMAT_METADATA_DS_L1C/output/PDI_DS/S2B_OPER_MSI_L1C_DS_2BPS_20230605T131150_S20230605T111628_N05.09/" name="Checks if Annotation Category is correctly defined. " priority="5" processingStatus="done" status="PASSED"/>
                    <message contentType="text/plain">No Index classification in product.</message>
                </check>
                <check>
                    <inspection creation="2023-06-05T14:12:03.872Z" duration="2" execution="2023-06-05T14:12:03.876Z" id="processingClassification" item="S2B_OPER_MSI_L1C_DS_2BPS_20230605T131150_S20230605T111628_N05.09" itemURL="/mnt/shared/S2-EXECUTION-CONTEXT-csgroup/98b99513-00b7-4aa4-9a83-38443a5f6bd2/RefiningFinalize/FORMAT_METADATA_DS_L1C/output/PDI_DS/S2B_OPER_MSI_L1C_DS_2BPS_20230605T131150_S20230605T111628_N05.09/" name="Checks if Processing Classification is correctly defined. " priority="5" processingStatus="done" status="PASSED"/>
                    <message contentType="text/plain">Processing Classification is Ok.</message>
                </check>
                <check>
                    <inspection creation="2023-06-05T14:12:03.879Z" duration="7" execution="2023-06-05T14:12:03.884Z" id="qualityInformationClassification" item="S2B_OPER_MSI_L1C_DS_2BPS_20230605T131150_S20230605T111628_N05.09" itemURL="/mnt/shared/S2-EXECUTION-CONTEXT-csgroup/98b99513-00b7-4aa4-9a83-38443a5f6bd2/RefiningFinalize/FORMAT_METADATA_DS_L1C/output/PDI_DS/S2B_OPER_MSI_L1C_DS_2BPS_20230605T131150_S20230605T111628_N05.09/" name="Checks if Quality Information Classification is correctly defined. " priority="5" processingStatus="done" status="PASSED"/>
                    <message contentType="text/plain">No Index classification in product.</message>
                </check>
                <check>
                    <inspection creation="2023-06-05T14:12:03.892Z" duration="32" execution="2023-06-05T14:12:03.903Z" id="idReferences" item="S2B_OPER_MSI_L1C_DS_2BPS_20230605T131150_S20230605T111628_N05.09" itemURL="/mnt/shared/S2-EXECUTION-CONTEXT-csgroup/98b99513-00b7-4aa4-9a83-38443a5f6bd2/RefiningFinalize/FORMAT_METADATA_DS_L1C/output/PDI_DS/S2B_OPER_MSI_L1C_DS_2BPS_20230605T131150_S20230605T111628_N05.09/" name="Checks if all the Id References defined in the product are valid. " priority="5" processingStatus="done" status="PASSED"/>
                    <message contentType="text/plain">All the Id References defined in the product are valid.</message>
                </check>
            </checkList>
        </report>
    </Data_Block>
</Earth_Explorer_File>
