<?xml version="1.0" encoding="UTF-8" standalone="no"?>
<n1:Level-1C_User_Product xmlns:n1="https://psd-14.sentinel2.eo.esa.int/PSD/User_Product_Level-1C.xsd" xmlns:xsi="http://www.w3.org/2001/XMLSchema-instance" xsi:schemaLocation="https://psd-14.sentinel2.eo.esa.int/PSD/User_Product_Level-1C.xsd">
    <n1:General_Info>
        <Product_Info>
            <PRODUCT_START_TIME>2023-06-05T11:06:19.024Z</PRODUCT_START_TIME>
            <PRODUCT_STOP_TIME>2023-06-05T11:06:19.024Z</PRODUCT_STOP_TIME>
            <PRODUCT_URI>S2B_MSIL1C_20230605T110619_N0509_R137_T30UVU_20230605T131150.SAFE</PRODUCT_URI>
            <PROCESSING_LEVEL>Level-1C</PROCESSING_LEVEL>
            <PRODUCT_TYPE>S2MSI1C</PRODUCT_TYPE>
            <PROCESSING_BASELINE>05.09</PROCESSING_BASELINE>
            <PRODUCT_DOI>https://doi.org/10.5270/S2_-742ikth</PRODUCT_DOI>
            <GENERATION_TIME>2023-06-05T13:11:50.000000Z</GENERATION_TIME>
            <PREVIEW_IMAGE_URL>Not applicable</PREVIEW_IMAGE_URL>
            <PREVIEW_GEO_INFO>Not applicable</PREVIEW_GEO_INFO>
            <Datatake datatakeIdentifier="GS2B_20230605T110619_032624_N05.09">
      <SPACECRAFT_NAME>Sentinel-2B</SPACECRAFT_NAME>
      <DATATAKE_TYPE>INS-NOBS</DATATAKE_TYPE>
      <DATATAKE_SENSING_START>2023-06-05T11:06:19.024Z</DATATAKE_SENSING_START>
      <SENSING_ORBIT_NUMBER>137</SENSING_ORBIT_NUMBER>
      <SENSING_ORBIT_DIRECTION>DESCENDING</SENSING_ORBIT_DIRECTION>
    </Datatake>
<Query_Options completeSingleTile="true">
<PRODUCT_FORMAT>SAFE_COMPACT</PRODUCT_FORMAT>
</Query_Options>

<Product_Organisation>
    <Granule_List>
        <Granule datastripIdentifier="S2B_OPER_MSI_L1C_DS_2BPS_20230605T131150_S20230605T111628_N05.09" granuleIdentifier="S2B_OPER_MSI_L1C_TL_2BPS_20230605T131150_A032624_T30UVU_N05.09" imageFormat="JPEG2000">
            <IMAGE_FILE>GRANULE/L1C_T30UVU_A032624_20230605T111628/IMG_DATA/T30UVU_20230605T110619_B01</IMAGE_FILE>
            <IMAGE_FILE>GRANULE/L1C_T30UVU_A032624_20230605T111628/IMG_DATA/T30UVU_20230605T110619_B02</IMAGE_FILE>
            <IMAGE_FILE>GRANULE/L1C_T30UVU_A032624_20230605T111628/IMG_DATA/T30UVU_20230605T110619_B03</IMAGE_FILE>
            <IMAGE_FILE>GRANULE/L1C_T30UVU_A032624_20230605T111628/IMG_DATA/T30UVU_20230605T110619_B04</IMAGE_FILE>
            <IMAGE_FILE>GRANULE/L1C_T30UVU_A032624_20230605T111628/IMG_DATA/T30UVU_20230605T110619_B05</IMAGE_FILE>
            <IMAGE_FILE>GRANULE/L1C_T30UVU_A032624_20230605T111628/IMG_DATA/T30UVU_20230605T110619_B06</IMAGE_FILE>
            <IMAGE_FILE>GRANULE/L1C_T30UVU_A032624_20230605T111628/IMG_DATA/T30UVU_20230605T110619_B07</IMAGE_FILE>
            <IMAGE_FILE>GRANULE/L1C_T30UVU_A032624_20230605T111628/IMG_DATA/T30UVU_20230605T110619_B08</IMAGE_FILE>
            <IMAGE_FILE>GRANULE/L1C_T30UVU_A032624_20230605T111628/IMG_DATA/T30UVU_20230605T110619_B8A</IMAGE_FILE>
            <IMAGE_FILE>GRANULE/L1C_T30UVU_A032624_20230605T111628/IMG_DATA/T30UVU_20230605T110619_B09</IMAGE_FILE>
            <IMAGE_FILE>GRANULE/L1C_T30UVU_A032624_20230605T111628/IMG_DATA/T30UVU_20230605T110619_B10</IMAGE_FILE>
            <IMAGE_FILE>GRANULE/L1C_T30UVU_A032624_20230605T111628/IMG_DATA/T30UVU_20230605T110619_B11</IMAGE_FILE>
            <IMAGE_FILE>GRANULE/L1C_T30UVU_A032624_20230605T111628/IMG_DATA/T30UVU_20230605T110619_B12</IMAGE_FILE>
            <IMAGE_FILE>GRANULE/L1C_T30UVU_A032624_20230605T111628/IMG_DATA/T30UVU_20230605T110619_TCI</IMAGE_FILE>
        </Granule>
    </Granule_List>
</Product_Organisation>
</Product_Info>
        <Product_Image_Characteristics>
            <Special_Values>
                <SPECIAL_VALUE_TEXT>NODATA</SPECIAL_VALUE_TEXT>
                <SPECIAL_VALUE_INDEX>0</SPECIAL_VALUE_INDEX>
            </Special_Values>
            <Special_Values>
                <SPECIAL_VALUE_TEXT>SATURATED</SPECIAL_VALUE_TEXT>
                <SPECIAL_VALUE_INDEX>65535</SPECIAL_VALUE_INDEX>
            </Special_Values>
            <Image_Display_Order>
                <RED_CHANNEL>3</RED_CHANNEL>
                <GREEN_CHANNEL>2</GREEN_CHANNEL>
                <BLUE_CHANNEL>1</BLUE_CHANNEL>
            </Image_Display_Order>
            <QUANTIFICATION_VALUE unit="none">10000</QUANTIFICATION_VALUE>
            <Radiometric_Offset_List>
        <RADIO_ADD_OFFSET band_id="0">-1000</RADIO_ADD_OFFSET>
        <RADIO_ADD_OFFSET band_id="1">-1000</RADIO_ADD_OFFSET>
        <RADIO_ADD_OFFSET band_id="2">-1000</RADIO_ADD_OFFSET>
        <RADIO_ADD_OFFSET band_id="3">-1000</RADIO_ADD_OFFSET>
        <RADIO_ADD_OFFSET band_id="4">-1000</RADIO_ADD_OFFSET>
        <RADIO_ADD_OFFSET band_id="5">-1000</RADIO_ADD_OFFSET>
        <RADIO_ADD_OFFSET band_id="6">-1000</RADIO_ADD_OFFSET>
        <RADIO_ADD_OFFSET band_id="7">-1000</RADIO_ADD_OFFSET>
        <RADIO_ADD_OFFSET band_id="8">-1000</RADIO_ADD_OFFSET>
        <RADIO_ADD_OFFSET band_id="9">-1000</RADIO_ADD_OFFSET>
        <RADIO_ADD_OFFSET band_id="10">-1000</RADIO_ADD_OFFSET>
        <RADIO_ADD_OFFSET band_id="11">-1000</RADIO_ADD_OFFSET>
        <RADIO_ADD_OFFSET band_id="12">-1000</RADIO_ADD_OFFSET>
      </Radiometric_Offset_List>
            <Reflectance_Conversion>
        <U>0.972580970731567</U>
        <Solar_Irradiance_List>
          <SOLAR_IRRADIANCE bandId="0" unit="W/m²/µm">1874.3</SOLAR_IRRADIANCE>
          <SOLAR_IRRADIANCE bandId="1" unit="W/m²/µm">1959.75</SOLAR_IRRADIANCE>
          <SOLAR_IRRADIANCE bandId="2" unit="W/m²/µm">1824.93</SOLAR_IRRADIANCE>
          <SOLAR_IRRADIANCE bandId="3" unit="W/m²/µm">1512.79</SOLAR_IRRADIANCE>
          <SOLAR_IRRADIANCE bandId="4" unit="W/m²/µm">1425.78</SOLAR_IRRADIANCE>
          <SOLAR_IRRADIANCE bandId="5" unit="W/m²/µm">1291.13</SOLAR_IRRADIANCE>
          <SOLAR_IRRADIANCE bandId="6" unit="W/m²/µm">1175.57</SOLAR_IRRADIANCE>
          <SOLAR_IRRADIANCE bandId="7" unit="W/m²/µm">1041.28</SOLAR_IRRADIANCE>
          <SOLAR_IRRADIANCE bandId="8" unit="W/m²/µm">953.93</SOLAR_IRRADIANCE>
          <SOLAR_IRRADIANCE bandId="9" unit="W/m²/µm">817.58</SOLAR_IRRADIANCE>
          <SOLAR_IRRADIANCE bandId="10" unit="W/m²/µm">365.41</SOLAR_IRRADIANCE>
          <SOLAR_IRRADIANCE bandId="11" unit="W/m²/µm">247.08</SOLAR_IRRADIANCE>
          <SOLAR_IRRADIANCE bandId="12" unit="W/m²/µm">87.75</SOLAR_IRRADIANCE>
        </Solar_Irradiance_List>
      </Reflectance_Conversion>
            <Spectral_Information_List>
        <Spectral_Information bandId="0" physicalBand="B1">
          <RESOLUTION>60</RESOLUTION>
          <Wavelength>
            <MIN unit="nm">411</MIN>
            <MAX unit="nm">456</MAX>
            <CENTRAL unit="nm">442.3</CENTRAL>
          </Wavelength>
          <Spectral_Response>
            <STEP unit="nm">1</STEP>
            <VALUES>0.0062411 0.01024045 0.00402983 0.00642179 0.00552753 0.0065525 0.00409887 0.006297 0.00436742 0.00233356 0.00058162 0.00202276 0.00294328 0.00485362 0.00317041 0.00237657 0.00234612 0.00440152 0.01292397 0.05001678 0.18650104 0.45441623 0.72307877 0.83999211 0.86456334 0.87472096 0.89215296 0.91090814 0.92588017 0.93924094 0.94491826 0.95078529 0.96803023 0.99939195 1 0.97548364 0.96148351 0.94986211 0.91841452 0.87989802 0.80383677 0.59752075 0.30474132 0.10798014 0.0304465 0.00885119</VALUES>
          </Spectral_Response>
        </Spectral_Information>
        <Spectral_Information bandId="1" physicalBand="B2">
          <RESOLUTION>10</RESOLUTION>
          <Wavelength>
            <MIN unit="nm">456</MIN>
            <MAX unit="nm">532</MAX>
            <CENTRAL unit="nm">492.3</CENTRAL>
          </Wavelength>
          <Spectral_Response>
            <STEP unit="nm">1</STEP>
            <VALUES>0.05529541 0.12005068 0.25199051 0.4623617 0.65162379 0.77642171 0.82319091 0.83083116 0.83382106 0.837526 0.86304286 0.88226141 0.90486326 0.92043837 0.93602675 0.930533 0.92714067 0.9161479 0.90551724 0.89745515 0.90266694 0.90854264 0.92047913 0.92417935 0.91845025 0.90743244 0.89733983 0.88646415 0.87189983 0.85643973 0.84473414 0.84190734 0.85644111 0.87782724 0.90261174 0.91840544 0.94585847 0.96887192 0.99336135 0.99927899 1 0.99520325 0.98412711 0.97947473 0.97808297 0.97213439 0.96277794 0.95342234 0.93802376 0.92460144 0.90932642 0.90192251 0.89184298 0.88963556 0.89146958 0.89877911 0.91056869 0.92427362 0.93823555 0.95311791 0.97150808 0.98737003 0.99658514 0.99367959 0.98144714 0.95874415 0.89291635 0.73566218 0.52060373 0.3322804 0.19492197 0.11732617 0.07507304 0.05094154 0.03213016 0.01510217 0.00447984</VALUES>
          </Spectral_Response>
        </Spectral_Information>
        <Spectral_Information bandId="2" physicalBand="B3">
          <RESOLUTION>10</RESOLUTION>
          <Wavelength>
            <MIN unit="nm">536</MIN>
            <MAX unit="nm">582</MAX>
            <CENTRAL unit="nm">559</CENTRAL>
          </Wavelength>
          <Spectral_Response>
            <STEP unit="nm">1</STEP>
            <VALUES>0.00188039 0.01545903 0.03660414 0.08100583 0.16917887 0.33278274 0.58622794 0.80916412 0.913051 0.94472284 0.94898813 0.94369132 0.92845674 0.91256938 0.90078036 0.89958598 0.90547138 0.92045355 0.94065665 0.96199681 0.98186744 0.9985841 1 0.99279888 0.97801325 0.95301174 0.9266333 0.89359131 0.86941793 0.84827 0.83908301 0.83206209 0.8291787 0.83305844 0.84630939 0.86396307 0.87268076 0.86818339 0.8554947 0.80839054 0.67650876 0.45584205 0.24737576 0.12765465 0.0589016 0.02564742 0.00515905</VALUES>
          </Spectral_Response>
        </Spectral_Information>
        <Spectral_Information bandId="3" physicalBand="B4">
          <RESOLUTION>10</RESOLUTION>
          <Wavelength>
            <MIN unit="nm">646</MIN>
            <MAX unit="nm">685</MAX>
            <CENTRAL unit="nm">665</CENTRAL>
          </Wavelength>
          <Spectral_Response>
            <STEP unit="nm">1</STEP>
            <VALUES>0.00499358 0.02642563 0.11905127 0.333204 0.59813448 0.80612041 0.91152955 0.92179127 0.91677167 0.90751672 0.89867522 0.89413622 0.89685141 0.89933396 0.90191681 0.90710817 0.9164622 0.92908702 0.9426682 0.95591935 0.96854537 0.98264967 0.99231022 1 0.99904114 0.99257339 0.97943242 0.96553214 0.95377013 0.94146127 0.92151286 0.89308475 0.83539461 0.69759082 0.49483622 0.27886075 0.10892715 0.03028701 0.00747382 0.00087148</VALUES>
          </Spectral_Response>
        </Spectral_Information>
        <Spectral_Information bandId="4" physicalBand="B5">
          <RESOLUTION>20</RESOLUTION>
          <Wavelength>
            <MIN unit="nm">694</MIN>
            <MAX unit="nm">714</MAX>
            <CENTRAL unit="nm">703.8</CENTRAL>
          </Wavelength>
          <Spectral_Response>
            <STEP unit="nm">1</STEP>
            <VALUES>0.01042619 0.05713826 0.21461286 0.54715702 0.87088164 0.96808183 0.99104427 1 0.99512875 0.98751456 0.97910038 0.97035979 0.95875454 0.94130694 0.92531149 0.89283152 0.76531084 0.50228771 0.17957688 0.0337948 0.00240526</VALUES>
          </Spectral_Response>
        </Spectral_Information>
        <Spectral_Information bandId="5" physicalBand="B6">
          <RESOLUTION>20</RESOLUTION>
          <Wavelength>
            <MIN unit="nm">730</MIN>
            <MAX unit="nm">748</MAX>
            <CENTRAL unit="nm">739.1</CENTRAL>
          </Wavelength>
          <Spectral_Response>
            <STEP unit="nm">1</STEP>
            <VALUES>0.01739744 0.10565746 0.38571484 0.78168196 0.90518378 0.91562509 0.92258804 0.93134141 0.9469604 0.96535098 0.97817455 0.99107716 0.99990615 1 0.97144118 0.81937503 0.46748011 0.09409351 0.00983236</VALUES>
          </Spectral_Response>
        </Spectral_Information>
        <Spectral_Information bandId="6" physicalBand="B7">
          <RESOLUTION>20</RESOLUTION>
          <Wavelength>
            <MIN unit="nm">766</MIN>
            <MAX unit="nm">794</MAX>
            <CENTRAL unit="nm">779.7</CENTRAL>
          </Wavelength>
          <Spectral_Response>
            <STEP unit="nm">1</STEP>
            <VALUES>0.0103729 0.03754921 0.11240409 0.25890105 0.48035521 0.73155954 0.91293607 0.97124929 0.96391197 0.95529249 0.964831 0.98628988 1 0.99782157 0.98343012 0.96489467 0.94619093 0.92560158 0.90788186 0.88471259 0.85693094 0.82513165 0.7734046 0.66767522 0.47756609 0.23225321 0.06764032 0.01301456 0.00117425</VALUES>
          </Spectral_Response>
        </Spectral_Information>
        <Spectral_Information bandId="7" physicalBand="B8">
          <RESOLUTION>10</RESOLUTION>
          <Wavelength>
            <MIN unit="nm">774</MIN>
            <MAX unit="nm">907</MAX>
            <CENTRAL unit="nm">833</CENTRAL>
          </Wavelength>
          <Spectral_Response>
            <STEP unit="nm">1</STEP>
            <VALUES>0.00037316 0.00296451 0.01663315 0.02818619 0.05000442 0.08575595 0.14871265 0.25701156 0.42307501 0.62943997 0.80112571 0.90352196 0.93855197 0.94406104 0.9474892 0.96325767 0.97948137 0.99144397 0.99630748 1 0.99827121 0.99843182 0.98914342 0.98264167 0.96769944 0.95752283 0.95074919 0.9458125 0.94267916 0.9465958 0.94450012 0.93992861 0.92759688 0.91226544 0.89079677 0.8706102 0.85021777 0.83416655 0.82214927 0.8124078 0.80920229 0.80220847 0.79081499 0.78239761 0.76731527 0.75394962 0.74226922 0.72750987 0.71976209 0.71456726 0.71982866 0.72746214 0.73945306 0.75138424 0.76310661 0.77122498 0.78298312 0.78494127 0.78409222 0.7834498 0.78216032 0.78062401 0.78132572 0.7813272 0.7810081 0.77897938 0.7761445 0.76910534 0.7625494 0.75157186 0.74086146 0.73121299 0.71988688 0.71025573 0.69679744 0.68602501 0.67163906 0.65532408 0.64173681 0.62683353 0.61241074 0.60185411 0.59380689 0.58714687 0.58444579 0.58231388 0.58111599 0.57996902 0.57480451 0.57684802 0.57273034 0.57144461 0.56985127 0.57167225 0.57154913 0.57292235 0.57617796 0.5784908 0.58023702 0.57982619 0.57868642 0.57587451 0.56976789 0.56173136 0.55644176 0.54881732 0.54508423 0.54153848 0.54069902 0.53850959 0.53655263 0.530404 0.52068821 0.50399678 0.486513 0.46813829 0.45468861 0.44447936 0.44177056 0.44425396 0.44633078 0.43914074 0.41748156 0.3690277 0.30165803 0.23504284 0.17434599 0.12247894 0.08354059 0.05624109 0.03804368 0.02427229 0.01490577 0.00615862</VALUES>
          </Spectral_Response>
        </Spectral_Information>
        <Spectral_Information bandId="8" physicalBand="B8A">
          <RESOLUTION>20</RESOLUTION>
          <Wavelength>
            <MIN unit="nm">848</MIN>
            <MAX unit="nm">880</MAX>
            <CENTRAL unit="nm">864</CENTRAL>
          </Wavelength>
          <Spectral_Response>
            <STEP unit="nm">1</STEP>
            <VALUES>0.00167523 0.01602231 0.03225867 0.07345268 0.1689243 0.34543042 0.56923369 0.79611745 0.93749188 0.98102805 0.98742384 0.99457226 0.99912415 0.99993652 1 0.99437257 0.98756135 0.98263615 0.9790323 0.97397518 0.97130259 0.9645338 0.95610202 0.93941552 0.89155652 0.77601041 0.5951886 0.37588812 0.18394037 0.07870072 0.0332686 0.01575167 0.00159818</VALUES>
          </Spectral_Response>
        </Spectral_Information>
        <Spectral_Information bandId="9" physicalBand="B9">
          <RESOLUTION>60</RESOLUTION>
          <Wavelength>
            <MIN unit="nm">930</MIN>
            <MAX unit="nm">957</MAX>
            <CENTRAL unit="nm">943.2</CENTRAL>
          </Wavelength>
          <Spectral_Response>
            <STEP unit="nm">1</STEP>
            <VALUES>0.0121336 0.04608767 0.15156613 0.35888361 0.60704101 0.83836043 0.93474094 0.94270146 0.95838078 0.99064712 0.99789825 1 0.98593726 0.97333604 0.95776631 0.972226 0.94856942 0.94367414 0.90771555 0.88460732 0.85258329 0.83375172 0.71599386 0.52202762 0.26922852 0.09477806 0.02640828 0.00346547</VALUES>
          </Spectral_Response>
        </Spectral_Information>
        <Spectral_Information bandId="10" physicalBand="B10">
          <RESOLUTION>60</RESOLUTION>
          <Wavelength>
            <MIN unit="nm">1339</MIN>
            <MAX unit="nm">1415</MAX>
            <CENTRAL unit="nm">1376.9</CENTRAL>
          </Wavelength>
          <Spectral_Response>
            <STEP unit="nm">1</STEP>
            <VALUES>2.472e-05 0.00013691 0.00012558 8.901e-05 0.00012425 9.941e-05 0.00013952 0.00015816 0.00019272 0.00025959 0.00032221 0.00034719 0.0003699 0.00054874 0.00105434 0.00218813 0.00480743 0.01135252 0.02671185 0.05776022 0.11176337 0.19587518 0.31418191 0.46188068 0.62292578 0.7709851 0.88086652 0.9448941 0.97405066 0.98616696 0.99306955 0.99775441 1 0.99942348 0.99616891 0.99082045 0.9842131 0.97708513 0.97013647 0.96374366 0.95755001 0.95127438 0.94546638 0.94069659 0.93759595 0.93624612 0.93510206 0.93054472 0.91630845 0.88530334 0.83129653 0.74856466 0.63524397 0.49733159 0.34907723 0.21259735 0.10971453 0.04789269 0.01853013 0.00716776 0.0031533 0.00157017 0.00084901 0.00053006 0.00033171 0.00019447 0.00022104 0.00022646 0.00018156 0.00016063 0.00015475 0.00014734 0.00014776 0.00017405 0.00023619 0.00012007 4.337e-05</VALUES>
          </Spectral_Response>
        </Spectral_Information>
        <Spectral_Information bandId="11" physicalBand="B11">
          <RESOLUTION>20</RESOLUTION>
          <Wavelength>
            <MIN unit="nm">1538</MIN>
            <MAX unit="nm">1679</MAX>
            <CENTRAL unit="nm">1610.4</CENTRAL>
          </Wavelength>
          <Spectral_Response>
            <STEP unit="nm">1</STEP>
            <VALUES>1.154e-05 2.707e-05 8.129e-05 0.0001701 0.00027422 0.00034456 0.00046028 0.00065214 0.00082283 0.00107791 0.0014306 0.00196134 0.00266427 0.00368682 0.00522456 0.00758401 0.01126335 0.01715812 0.02674581 0.04145595 0.06300627 0.09464207 0.13995799 0.20105412 0.28189591 0.38134665 0.4907345 0.60674263 0.71505301 0.80391496 0.87015099 0.91645643 0.94668952 0.96391534 0.97305962 0.97704089 0.97777566 0.97686717 0.97531356 0.97336816 0.9714563 0.9697157 0.96907419 0.96968255 0.97051178 0.97272986 0.97613656 0.97894419 0.9810083 0.98350836 0.9848292 0.98438948 0.98389859 0.98334634 0.9814301 0.97936035 0.97802641 0.97623515 0.97537114 0.97569131 0.97679261 0.97898052 0.98199689 0.98520852 0.98866135 0.99233425 0.99480248 0.99589079 0.9958911 0.99475534 0.99207775 0.98856394 0.9848769 0.98106836 0.97677436 0.97351815 0.97192459 0.97052192 0.97043004 0.9723835 0.97525347 0.97856769 0.98298866 0.98810437 0.99268138 0.99645012 0.9990686 1 0.99902738 0.99662493 0.99326995 0.989647 0.98577051 0.98212932 0.97979728 0.97946062 0.980262 0.98247241 0.98601349 0.98957829 0.99173488 0.99219848 0.98937107 0.98205611 0.97007817 0.95307506 0.93223131 0.90784439 0.88392149 0.86411672 0.85075738 0.84410342 0.84337963 0.84698191 0.84866039 0.84046041 0.81336359 0.75654857 0.66994259 0.56517119 0.45690882 0.35310835 0.25633426 0.17582806 0.11552613 0.0733101 0.04640345 0.02898639 0.01853597 0.01243537 0.00877131 0.00630418 0.00457459 0.00335323 0.00245906 0.001988 0.00149989 0.00112208 0.00078208 0.00054086 0.00028019 0.0001326</VALUES>
          </Spectral_Response>
        </Spectral_Information>
        <Spectral_Information bandId="12" physicalBand="B12">
          <RESOLUTION>20</RESOLUTION>
          <Wavelength>
            <MIN unit="nm">2065</MIN>
            <MAX unit="nm">2303</MAX>
            <CENTRAL unit="nm">2185.7</CENTRAL>
          </Wavelength>
          <Spectral_Response>
            <STEP unit="nm">1</STEP>
            <VALUES>0.00022389 0.00073676 0.00164703 0.00301151 0.00458328 0.00592584 0.00752876 0.00874103 0.01025764 0.01222618 0.01458055 0.01744267 0.02104287 0.02540339 0.03057901 0.03719619 0.04572365 0.05630242 0.06994211 0.08791078 0.11057655 0.13873936 0.17311239 0.21416774 0.26175285 0.31696031 0.38057337 0.44916129 0.52246923 0.59858476 0.67183039 0.73762307 0.79267856 0.83543144 0.86612544 0.88613168 0.89739036 0.90131058 0.90056883 0.89688046 0.89211284 0.88771935 0.88417799 0.88183136 0.88142338 0.88242075 0.88687585 0.89245189 0.89861914 0.90533051 0.91254666 0.91988456 0.92662076 0.93280462 0.9381479 0.94308713 0.94528987 0.94711578 0.94827846 0.94854335 0.94782599 0.94683272 0.94584552 0.94458923 0.94320642 0.94161778 0.94216937 0.94300085 0.94396863 0.94500784 0.94593652 0.94680905 0.94766521 0.94866638 0.94960932 0.95040536 0.95078607 0.95126357 0.95205865 0.9524548 0.95228734 0.95215614 0.95239704 0.95270563 0.95306455 0.9535262 0.95404061 0.9545903 0.95529443 0.95650666 0.95774374 0.95899449 0.96021128 0.96117558 0.96241242 0.96389292 0.9633817 0.96287807 0.96252982 0.96163134 0.96051578 0.95934879 0.95816596 0.95676127 0.95491383 0.95287555 0.95386662 0.95498503 0.9555239 0.95548083 0.9551674 0.95442758 0.95327341 0.95194429 0.95041866 0.9484181 0.94839027 0.94838056 0.94813039 0.94753901 0.94645196 0.94504703 0.9433144 0.94197531 0.94049427 0.93875727 0.94132922 0.9436129 0.94558364 0.94711284 0.94831802 0.94945878 0.95060227 0.95182631 0.95345901 0.95510105 0.95225316 0.95033203 0.94956701 0.94895037 0.94955832 0.95152282 0.95486528 0.95963437 0.96607045 0.97375116 0.97078626 0.96900558 0.96819786 0.96750837 0.9674355 0.96792378 0.96839035 0.96883692 0.9693902 0.96985301 0.96898817 0.96814874 0.96743874 0.96638941 0.96534457 0.96425351 0.96281969 0.96155971 0.96053251 0.95926107 0.95959913 0.96025143 0.96154033 0.96262988 0.96359875 0.96467154 0.9654114 0.96625109 0.96744643 0.96878244 0.97046916 0.97234778 0.97422228 0.9759326 0.97713045 0.97892333 0.98039008 0.98147316 0.98248415 0.9832885 0.98458694 0.9866985 0.98911057 0.99119702 0.99315819 0.99524701 0.99668121 0.99826512 0.99959594 1 0.99866374 0.99576531 0.99062502 0.98155399 0.96876193 0.95174168 0.92942389 0.90240499 0.8705554 0.83207693 0.78626172 0.73649625 0.68202115 0.62329799 0.56418429 0.50680538 0.4515209 0.4006232 0.35430248 0.30995212 0.26941268 0.23418861 0.20232924 0.17373524 0.14941215 0.1290062 0.11157271 0.09693492 0.08490613 0.07409041 0.06449244 0.056343 0.0493999 0.04321207 0.03800099 0.03348242 0.02900748 0.0251013 0.02003645 0.01384563 0.00850471 0.00443484 0.00085324</VALUES>
          </Spectral_Response>
        </Spectral_Information>
      </Spectral_Information_List>
            <PHYSICAL_GAINS bandId="0">3.96451848</PHYSICAL_GAINS>
            <PHYSICAL_GAINS bandId="1">3.81920484</PHYSICAL_GAINS>
            <PHYSICAL_GAINS bandId="2">4.23510899</PHYSICAL_GAINS>
            <PHYSICAL_GAINS bandId="3">4.77307345</PHYSICAL_GAINS>
            <PHYSICAL_GAINS bandId="4">5.18187514</PHYSICAL_GAINS>
            <PHYSICAL_GAINS bandId="5">5.08782615</PHYSICAL_GAINS>
            <PHYSICAL_GAINS bandId="6">4.76271456</PHYSICAL_GAINS>
            <PHYSICAL_GAINS bandId="7">6.81825907</PHYSICAL_GAINS>
            <PHYSICAL_GAINS bandId="8">5.75803801</PHYSICAL_GAINS>
            <PHYSICAL_GAINS bandId="9">9.36997537</PHYSICAL_GAINS>
            <PHYSICAL_GAINS bandId="10">56.51418047</PHYSICAL_GAINS>
            <PHYSICAL_GAINS bandId="11">37.21431892</PHYSICAL_GAINS>
            <PHYSICAL_GAINS bandId="12">108.72433217</PHYSICAL_GAINS>
            <REFERENCE_BAND>3</REFERENCE_BAND>
        </Product_Image_Characteristics>
    </n1:General_Info>
    <n1:Geometric_Info>
        <Product_Footprint>
            <Product_Footprint>
                <Global_Footprint>
                    <EXT_POS_LIST>48.22430543068044 -4.3471375 48.23943999261564 -4.341522 48.38579152086224 -4.286865 48.53212181243188 -4.2318726 48.67846827791995 -4.1769104 48.74609370525232 -4.1513977 48.75293650976542 -2.867218 47.765092664464426 -2.869751 47.757403531734624 -4.3348694 48.22430543068044 -4.3471375 </EXT_POS_LIST>
                </Global_Footprint>
            </Product_Footprint>
            <RASTER_CS_TYPE>POINT</RASTER_CS_TYPE>
            <PIXEL_ORIGIN>1</PIXEL_ORIGIN>
        </Product_Footprint>
        <Coordinate_Reference_System>
            <GEO_TABLES version="1">EPSG</GEO_TABLES>
            <HORIZONTAL_CS_TYPE>GEOGRAPHIC</HORIZONTAL_CS_TYPE>
        </Coordinate_Reference_System>
    </n1:Geometric_Info>
    <n1:Auxiliary_Data_Info>
        <GIPP_List>
      <GIPP_FILENAME type="GIP_PROBAS" version="0509">S2B_OPER_GIP_PROBAS_MPC__20230327T000509_V20230330T040000_21000101T000000_B00</GIPP_FILENAME>
      <GIPP_FILENAME type="GIP_ATMIMA" version="0001">S2B_OPER_GIP_ATMIMA_MPC__20170206T103051_V20170101T000000_21000101T000000_B00</GIPP_FILENAME>
      <GIPP_FILENAME type="GIP_INVLOC" version="0003">S2B_OPER_GIP_INVLOC_MPC__20170523T080300_V20170322T000000_21000101T000000_B00</GIPP_FILENAME>
      <GIPP_FILENAME type="GIP_LREXTR" version="0001">S2B_OPER_GIP_LREXTR_MPC__20210608T000001_V20150622T000000_21000101T000000_B00</GIPP_FILENAME>
      <GIPP_FILENAME type="GIP_OLQCPA" version="0000">S2B_OPER_GIP_OLQCPA_MPC__20220715T000042_V20220830T002500_21000101T000000_B00</GIPP_FILENAME>
      <GIPP_FILENAME type="GIP_ATMSAD" version="0003">S2B_OPER_GIP_ATMSAD_MPC__20170324T155501_V20170306T000000_21000101T000000_B00</GIPP_FILENAME>
      <GIPP_FILENAME type="GIP_BLINDP" version="0002">S2B_OPER_GIP_BLINDP_MPC__20170221T000000_V20170101T000000_21000101T000000_B00</GIPP_FILENAME>
      <GIPP_FILENAME type="GIP_CLOINV" version="0002">S2B_OPER_GIP_CLOINV_MPC__20210609T000002_V20210823T030000_21000101T000000_B00</GIPP_FILENAME>
      <GIPP_FILENAME type="GIP_CLOPAR" version="0001">S2B_OPER_GIP_CLOPAR_MPC__20220120T000001_V20220125T022000_21000101T000000_B00</GIPP_FILENAME>
      <GIPP_FILENAME type="GIP_CONVER" version="999">S2B_OPER_GIP_CONVER_MPC__20150710T131444_V20150627T000000_21000101T000000_B00</GIPP_FILENAME>
      <GIPP_FILENAME type="GIP_DATATI" version="0003">S2B_OPER_GIP_DATATI_MPC__20170428T123038_V20170322T000000_21000101T000000_B00</GIPP_FILENAME>
      <GIPP_FILENAME type="GIP_DECOMP" version="0000">S2B_OPER_GIP_DECOMP_MPC__20121031T075922_V19830101T000000_21000101T000000_B00</GIPP_FILENAME>
      <GIPP_FILENAME type="GIP_EARMOD" version="0001">S2__OPER_GIP_EARMOD_MPC__20210608T000001_V20150622T000000_21000101T000000_B00</GIPP_FILENAME>
      <GIPP_FILENAME type="GIP_ECMWFP" version="0002">S2B_OPER_GIP_ECMWFP_MPC__20121031T075922_V19830101T000000_21000101T000000_B00</GIPP_FILENAME>
      <GIPP_FILENAME type="GIP_G2PARA" version="0026">S2B_OPER_GIP_G2PARA_MPC__20221206T000026_V20221206T064000_21000101T000000_B00</GIPP_FILENAME>
      <GIPP_FILENAME type="GIP_G2PARE" version="0001">S2B_OPER_GIP_G2PARE_MPC__20170206T103032_V20170101T000000_21000101T000000_B00</GIPP_FILENAME>
      <GIPP_FILENAME type="GIP_GEOPAR" version="0001">S2B_OPER_GIP_GEOPAR_MPC__20170206T103032_V20170101T000000_21000101T000000_B00</GIPP_FILENAME>
      <GIPP_FILENAME type="GIP_INTDET" version="0010">S2B_OPER_GIP_INTDET_MPC__20220120T000010_V20220125T022000_21000101T000000_B00</GIPP_FILENAME>
      <GIPP_FILENAME type="GIP_JP2KPA" version="0006">S2B_OPER_GIP_JP2KPA_MPC__20220120T000006_V20220125T022000_21000101T000000_B00</GIPP_FILENAME>
      <GIPP_FILENAME type="GIP_MASPAR" version="0002">S2B_OPER_GIP_MASPAR_MPC__20220120T000002_V20220125T022000_21000101T000000_B00</GIPP_FILENAME>
      <GIPP_FILENAME type="GIP_PRDLOC" version="0009">S2B_OPER_GIP_PRDLOC_MPC__20180301T130000_V20180305T014000_21000101T000000_B00</GIPP_FILENAME>
      <GIPP_FILENAME type="GIP_R2ABCA" version="0097">S2B_OPER_GIP_R2ABCA_MPC__20230515T150000_V20230517T000000_21000101T000000_B00</GIPP_FILENAME>
      <GIPP_FILENAME type="GIP_R2BINN" version="0001">S2B_OPER_GIP_R2BINN_MPC__20170206T103032_V20170101T000000_21000101T000000_B00</GIPP_FILENAME>
      <GIPP_FILENAME type="GIP_R2CRCO" version="0002">S2B_OPER_GIP_R2CRCO_MPC__20220120T000002_V20220125T022000_21000101T000000_B00</GIPP_FILENAME>
      <GIPP_FILENAME type="GIP_R2DECT" version="0001">S2B_OPER_GIP_R2DECT_MPC__20170206T103038_V20170101T000000_21000101T000000_B08</GIPP_FILENAME>
      <GIPP_FILENAME type="GIP_R2DECT" version="0001">S2B_OPER_GIP_R2DECT_MPC__20170206T103038_V20170101T000000_21000101T000000_B02</GIPP_FILENAME>
      <GIPP_FILENAME type="GIP_R2DECT" version="0001">S2B_OPER_GIP_R2DECT_MPC__20170206T103038_V20170101T000000_21000101T000000_B06</GIPP_FILENAME>
      <GIPP_FILENAME type="GIP_R2DECT" version="0001">S2B_OPER_GIP_R2DECT_MPC__20170206T103038_V20170101T000000_21000101T000000_B03</GIPP_FILENAME>
      <GIPP_FILENAME type="GIP_R2DECT" version="0001">S2B_OPER_GIP_R2DECT_MPC__20170206T103038_V20170101T000000_21000101T000000_B01</GIPP_FILENAME>
      <GIPP_FILENAME type="GIP_R2DECT" version="0001">S2B_OPER_GIP_R2DECT_MPC__20170206T103038_V20170101T000000_21000101T000000_B05</GIPP_FILENAME>
      <GIPP_FILENAME type="GIP_R2DECT" version="0001">S2B_OPER_GIP_R2DECT_MPC__20170206T103038_V20170101T000000_21000101T000000_B07</GIPP_FILENAME>
      <GIPP_FILENAME type="GIP_R2DECT" version="0001">S2B_OPER_GIP_R2DECT_MPC__20170206T103038_V20170101T000000_21000101T000000_B04</GIPP_FILENAME>
      <GIPP_FILENAME type="GIP_R2DECT" version="0001">S2B_OPER_GIP_R2DECT_MPC__20170206T103038_V20170101T000000_21000101T000000_B10</GIPP_FILENAME>
      <GIPP_FILENAME type="GIP_R2DECT" version="0001">S2B_OPER_GIP_R2DECT_MPC__20170206T103038_V20170101T000000_21000101T000000_B8A</GIPP_FILENAME>
      <GIPP_FILENAME type="GIP_R2DECT" version="0001">S2B_OPER_GIP_R2DECT_MPC__20170206T103038_V20170101T000000_21000101T000000_B11</GIPP_FILENAME>
      <GIPP_FILENAME type="GIP_R2DECT" version="0001">S2B_OPER_GIP_R2DECT_MPC__20170206T103038_V20170101T000000_21000101T000000_B12</GIPP_FILENAME>
      <GIPP_FILENAME type="GIP_R2DECT" version="0001">S2B_OPER_GIP_R2DECT_MPC__20170206T103038_V20170101T000000_21000101T000000_B09</GIPP_FILENAME>
      <GIPP_FILENAME type="GIP_R2DEFI" version="0001">S2B_OPER_GIP_R2DEFI_MPC__20170206T103038_V20170101T000000_21000101T000000_B01</GIPP_FILENAME>
      <GIPP_FILENAME type="GIP_R2DEFI" version="0001">S2B_OPER_GIP_R2DEFI_MPC__20170206T103039_V20170101T000000_21000101T000000_B11</GIPP_FILENAME>
      <GIPP_FILENAME type="GIP_R2DEFI" version="0001">S2B_OPER_GIP_R2DEFI_MPC__20170206T103039_V20170101T000000_21000101T000000_B8A</GIPP_FILENAME>
      <GIPP_FILENAME type="GIP_R2DEFI" version="0001">S2B_OPER_GIP_R2DEFI_MPC__20170206T103039_V20170101T000000_21000101T000000_B08</GIPP_FILENAME>
      <GIPP_FILENAME type="GIP_R2DEFI" version="0001">S2B_OPER_GIP_R2DEFI_MPC__20170206T103039_V20170101T000000_21000101T000000_B07</GIPP_FILENAME>
      <GIPP_FILENAME type="GIP_R2DEFI" version="0001">S2B_OPER_GIP_R2DEFI_MPC__20170206T103039_V20170101T000000_21000101T000000_B05</GIPP_FILENAME>
      <GIPP_FILENAME type="GIP_R2DEFI" version="0001">S2B_OPER_GIP_R2DEFI_MPC__20170206T103039_V20170101T000000_21000101T000000_B04</GIPP_FILENAME>
      <GIPP_FILENAME type="GIP_R2DEFI" version="0001">S2B_OPER_GIP_R2DEFI_MPC__20170206T103039_V20170101T000000_21000101T000000_B12</GIPP_FILENAME>
      <GIPP_FILENAME type="GIP_R2DEFI" version="0001">S2B_OPER_GIP_R2DEFI_MPC__20170206T103040_V20170101T000000_21000101T000000_B10</GIPP_FILENAME>
      <GIPP_FILENAME type="GIP_R2DEFI" version="0001">S2B_OPER_GIP_R2DEFI_MPC__20170206T103039_V20170101T000000_21000101T000000_B03</GIPP_FILENAME>
      <GIPP_FILENAME type="GIP_R2DEFI" version="0001">S2B_OPER_GIP_R2DEFI_MPC__20170206T103038_V20170101T000000_21000101T000000_B02</GIPP_FILENAME>
      <GIPP_FILENAME type="GIP_R2DEFI" version="0001">S2B_OPER_GIP_R2DEFI_MPC__20170206T103040_V20170101T000000_21000101T000000_B09</GIPP_FILENAME>
      <GIPP_FILENAME type="GIP_R2DEFI" version="0001">S2B_OPER_GIP_R2DEFI_MPC__20170206T103039_V20170101T000000_21000101T000000_B06</GIPP_FILENAME>
      <GIPP_FILENAME type="GIP_R2DENT" version="0001">S2B_OPER_GIP_R2DENT_MPC__20170206T103039_V20170101T000000_21000101T000000_B04</GIPP_FILENAME>
      <GIPP_FILENAME type="GIP_R2DENT" version="0001">S2B_OPER_GIP_R2DENT_MPC__20170206T103040_V20170101T000000_21000101T000000_B8A</GIPP_FILENAME>
      <GIPP_FILENAME type="GIP_R2DENT" version="0001">S2B_OPER_GIP_R2DENT_MPC__20170206T103039_V20170101T000000_21000101T000000_B12</GIPP_FILENAME>
      <GIPP_FILENAME type="GIP_R2DENT" version="0001">S2B_OPER_GIP_R2DENT_MPC__20170206T103040_V20170101T000000_21000101T000000_B10</GIPP_FILENAME>
      <GIPP_FILENAME type="GIP_R2DENT" version="0001">S2B_OPER_GIP_R2DENT_MPC__20170206T103039_V20170101T000000_21000101T000000_B09</GIPP_FILENAME>
      <GIPP_FILENAME type="GIP_R2DENT" version="0001">S2B_OPER_GIP_R2DENT_MPC__20170206T103039_V20170101T000000_21000101T000000_B02</GIPP_FILENAME>
      <GIPP_FILENAME type="GIP_R2DENT" version="0001">S2B_OPER_GIP_R2DENT_MPC__20170206T103039_V20170101T000000_21000101T000000_B08</GIPP_FILENAME>
      <GIPP_FILENAME type="GIP_R2DENT" version="0001">S2B_OPER_GIP_R2DENT_MPC__20170206T103040_V20170101T000000_21000101T000000_B07</GIPP_FILENAME>
      <GIPP_FILENAME type="GIP_R2DENT" version="0001">S2B_OPER_GIP_R2DENT_MPC__20170206T103039_V20170101T000000_21000101T000000_B06</GIPP_FILENAME>
      <GIPP_FILENAME type="GIP_R2DENT" version="0001">S2B_OPER_GIP_R2DENT_MPC__20170206T103039_V20170101T000000_21000101T000000_B01</GIPP_FILENAME>
      <GIPP_FILENAME type="GIP_R2DENT" version="0001">S2B_OPER_GIP_R2DENT_MPC__20170206T103039_V20170101T000000_21000101T000000_B05</GIPP_FILENAME>
      <GIPP_FILENAME type="GIP_R2DENT" version="0001">S2B_OPER_GIP_R2DENT_MPC__20170206T103039_V20170101T000000_21000101T000000_B11</GIPP_FILENAME>
      <GIPP_FILENAME type="GIP_R2DENT" version="0001">S2B_OPER_GIP_R2DENT_MPC__20170206T103040_V20170101T000000_21000101T000000_B03</GIPP_FILENAME>
      <GIPP_FILENAME type="GIP_R2DEPI" version="0007">S2B_OPER_GIP_R2DEPI_MPC__20230405T000007_V20230411T000000_21000101T000000_B00</GIPP_FILENAME>
      <GIPP_FILENAME type="GIP_R2EOB2" version="0001">S2B_OPER_GIP_R2EOB2_MPC__20170517T113826_V20170101T000005_21000101T000000_B12</GIPP_FILENAME>
      <GIPP_FILENAME type="GIP_R2EOB2" version="0001">S2B_OPER_GIP_R2EOB2_MPC__20170517T113826_V20170101T000005_21000101T000000_B03</GIPP_FILENAME>
      <GIPP_FILENAME type="GIP_R2EOB2" version="0001">S2B_OPER_GIP_R2EOB2_MPC__20170517T113826_V20170101T000005_21000101T000000_B05</GIPP_FILENAME>
      <GIPP_FILENAME type="GIP_R2EOB2" version="0001">S2B_OPER_GIP_R2EOB2_MPC__20170517T113826_V20170101T000005_21000101T000000_B08</GIPP_FILENAME>
      <GIPP_FILENAME type="GIP_R2EOB2" version="0001">S2B_OPER_GIP_R2EOB2_MPC__20170517T113826_V20170101T000005_21000101T000000_B04</GIPP_FILENAME>
      <GIPP_FILENAME type="GIP_R2EOB2" version="0001">S2B_OPER_GIP_R2EOB2_MPC__20170517T113826_V20170101T000005_21000101T000000_B10</GIPP_FILENAME>
      <GIPP_FILENAME type="GIP_R2EOB2" version="0001">S2B_OPER_GIP_R2EOB2_MPC__20170517T113826_V20170101T000005_21000101T000000_B01</GIPP_FILENAME>
      <GIPP_FILENAME type="GIP_R2EOB2" version="0001">S2B_OPER_GIP_R2EOB2_MPC__20170517T113826_V20170101T000005_21000101T000000_B06</GIPP_FILENAME>
      <GIPP_FILENAME type="GIP_R2EOB2" version="0001">S2B_OPER_GIP_R2EOB2_MPC__20170517T113826_V20170101T000005_21000101T000000_B09</GIPP_FILENAME>
      <GIPP_FILENAME type="GIP_R2EOB2" version="0001">S2B_OPER_GIP_R2EOB2_MPC__20170517T113826_V20170101T000005_21000101T000000_B02</GIPP_FILENAME>
      <GIPP_FILENAME type="GIP_R2EOB2" version="0001">S2B_OPER_GIP_R2EOB2_MPC__20170517T113826_V20170101T000005_21000101T000000_B8A</GIPP_FILENAME>
      <GIPP_FILENAME type="GIP_R2EOB2" version="0001">S2B_OPER_GIP_R2EOB2_MPC__20170517T113826_V20170101T000005_21000101T000000_B07</GIPP_FILENAME>
      <GIPP_FILENAME type="GIP_R2EOB2" version="0001">S2B_OPER_GIP_R2EOB2_MPC__20170517T113826_V20170101T000005_21000101T000000_B11</GIPP_FILENAME>
      <GIPP_FILENAME type="GIP_R2EQOG" version="0096">S2B_OPER_GIP_R2EQOG_MPC__20230515T150000_V20230517T000000_21000101T000000_B06</GIPP_FILENAME>
      <GIPP_FILENAME type="GIP_R2EQOG" version="0096">S2B_OPER_GIP_R2EQOG_MPC__20230515T150000_V20230517T000000_21000101T000000_B09</GIPP_FILENAME>
      <GIPP_FILENAME type="GIP_R2EQOG" version="0096">S2B_OPER_GIP_R2EQOG_MPC__20230515T150000_V20230517T000000_21000101T000000_B8A</GIPP_FILENAME>
      <GIPP_FILENAME type="GIP_R2EQOG" version="0096">S2B_OPER_GIP_R2EQOG_MPC__20230515T150000_V20230517T000000_21000101T000000_B08</GIPP_FILENAME>
      <GIPP_FILENAME type="GIP_R2EQOG" version="0096">S2B_OPER_GIP_R2EQOG_MPC__20230515T150000_V20230517T000000_21000101T000000_B04</GIPP_FILENAME>
      <GIPP_FILENAME type="GIP_R2EQOG" version="0096">S2B_OPER_GIP_R2EQOG_MPC__20230515T150000_V20230517T000000_21000101T000000_B10</GIPP_FILENAME>
      <GIPP_FILENAME type="GIP_R2EQOG" version="0096">S2B_OPER_GIP_R2EQOG_MPC__20230515T150000_V20230517T000000_21000101T000000_B11</GIPP_FILENAME>
      <GIPP_FILENAME type="GIP_R2EQOG" version="0096">S2B_OPER_GIP_R2EQOG_MPC__20230515T150000_V20230517T000000_21000101T000000_B01</GIPP_FILENAME>
      <GIPP_FILENAME type="GIP_R2EQOG" version="0096">S2B_OPER_GIP_R2EQOG_MPC__20230515T150000_V20230517T000000_21000101T000000_B03</GIPP_FILENAME>
      <GIPP_FILENAME type="GIP_R2EQOG" version="0096">S2B_OPER_GIP_R2EQOG_MPC__20230515T150000_V20230517T000000_21000101T000000_B05</GIPP_FILENAME>
      <GIPP_FILENAME type="GIP_R2EQOG" version="0096">S2B_OPER_GIP_R2EQOG_MPC__20230515T150000_V20230517T000000_21000101T000000_B02</GIPP_FILENAME>
      <GIPP_FILENAME type="GIP_R2EQOG" version="0096">S2B_OPER_GIP_R2EQOG_MPC__20230515T150000_V20230517T000000_21000101T000000_B12</GIPP_FILENAME>
      <GIPP_FILENAME type="GIP_R2EQOG" version="0096">S2B_OPER_GIP_R2EQOG_MPC__20230515T150000_V20230517T000000_21000101T000000_B07</GIPP_FILENAME>
      <GIPP_FILENAME type="GIP_R2L2NC" version="0001">S2B_OPER_GIP_R2L2NC_MPC__20170206T103040_V20170101T000000_21000101T000000_B04</GIPP_FILENAME>
      <GIPP_FILENAME type="GIP_R2L2NC" version="0001">S2B_OPER_GIP_R2L2NC_MPC__20170206T103040_V20170101T000000_21000101T000000_B09</GIPP_FILENAME>
      <GIPP_FILENAME type="GIP_R2L2NC" version="0001">S2B_OPER_GIP_R2L2NC_MPC__20170206T103040_V20170101T000000_21000101T000000_B10</GIPP_FILENAME>
      <GIPP_FILENAME type="GIP_R2L2NC" version="0001">S2B_OPER_GIP_R2L2NC_MPC__20170206T103039_V20170101T000000_21000101T000000_B01</GIPP_FILENAME>
      <GIPP_FILENAME type="GIP_R2L2NC" version="0001">S2B_OPER_GIP_R2L2NC_MPC__20170206T103040_V20170101T000000_21000101T000000_B12</GIPP_FILENAME>
      <GIPP_FILENAME type="GIP_R2L2NC" version="0001">S2B_OPER_GIP_R2L2NC_MPC__20170206T103040_V20170101T000000_21000101T000000_B02</GIPP_FILENAME>
      <GIPP_FILENAME type="GIP_R2L2NC" version="0001">S2B_OPER_GIP_R2L2NC_MPC__20170206T103040_V20170101T000000_21000101T000000_B08</GIPP_FILENAME>
      <GIPP_FILENAME type="GIP_R2L2NC" version="0001">S2B_OPER_GIP_R2L2NC_MPC__20170206T103040_V20170101T000000_21000101T000000_B8A</GIPP_FILENAME>
      <GIPP_FILENAME type="GIP_R2L2NC" version="0001">S2B_OPER_GIP_R2L2NC_MPC__20170206T103040_V20170101T000000_21000101T000000_B03</GIPP_FILENAME>
      <GIPP_FILENAME type="GIP_R2L2NC" version="0001">S2B_OPER_GIP_R2L2NC_MPC__20170206T103040_V20170101T000000_21000101T000000_B05</GIPP_FILENAME>
      <GIPP_FILENAME type="GIP_R2L2NC" version="0001">S2B_OPER_GIP_R2L2NC_MPC__20170206T103040_V20170101T000000_21000101T000000_B06</GIPP_FILENAME>
      <GIPP_FILENAME type="GIP_R2L2NC" version="0001">S2B_OPER_GIP_R2L2NC_MPC__20170206T103040_V20170101T000000_21000101T000000_B07</GIPP_FILENAME>
      <GIPP_FILENAME type="GIP_R2L2NC" version="0001">S2B_OPER_GIP_R2L2NC_MPC__20170206T103040_V20170101T000000_21000101T000000_B11</GIPP_FILENAME>
      <GIPP_FILENAME type="GIP_R2NOMO" version="0001">S2B_OPER_GIP_R2NOMO_MPC__20170206T103047_V20170101T000000_21000101T000000_B00</GIPP_FILENAME>
      <GIPP_FILENAME type="GIP_R2PARA" version="0009">S2B_OPER_GIP_R2PARA_MPC__20221206T000009_V20221206T064000_21000101T000000_B00</GIPP_FILENAME>
      <GIPP_FILENAME type="GIP_R2SWIR" version="0003">S2B_OPER_GIP_R2SWIR_MPC__20170523T080300_V20170517T090600_21000101T000000_B00</GIPP_FILENAME>
      <GIPP_FILENAME type="GIP_R2WAFI" version="0001">S2B_OPER_GIP_R2WAFI_MPC__20170206T103047_V20170101T000000_21000101T000000_B02</GIPP_FILENAME>
      <GIPP_FILENAME type="GIP_R2WAFI" version="0001">S2B_OPER_GIP_R2WAFI_MPC__20170206T103039_V20170101T000000_21000101T000000_B04</GIPP_FILENAME>
      <GIPP_FILENAME type="GIP_R2WAFI" version="0001">S2B_OPER_GIP_R2WAFI_MPC__20170206T103047_V20170101T000000_21000101T000000_B10</GIPP_FILENAME>
      <GIPP_FILENAME type="GIP_R2WAFI" version="0001">S2B_OPER_GIP_R2WAFI_MPC__20170206T103047_V20170101T000000_21000101T000000_B8A</GIPP_FILENAME>
      <GIPP_FILENAME type="GIP_R2WAFI" version="0001">S2B_OPER_GIP_R2WAFI_MPC__20170206T103047_V20170101T000000_21000101T000000_B01</GIPP_FILENAME>
      <GIPP_FILENAME type="GIP_R2WAFI" version="0001">S2B_OPER_GIP_R2WAFI_MPC__20170206T103039_V20170101T000000_21000101T000000_B07</GIPP_FILENAME>
      <GIPP_FILENAME type="GIP_R2WAFI" version="0001">S2B_OPER_GIP_R2WAFI_MPC__20170206T103040_V20170101T000000_21000101T000000_B06</GIPP_FILENAME>
      <GIPP_FILENAME type="GIP_R2WAFI" version="0001">S2B_OPER_GIP_R2WAFI_MPC__20170206T103047_V20170101T000000_21000101T000000_B09</GIPP_FILENAME>
      <GIPP_FILENAME type="GIP_R2WAFI" version="0001">S2B_OPER_GIP_R2WAFI_MPC__20170206T103047_V20170101T000000_21000101T000000_B08</GIPP_FILENAME>
      <GIPP_FILENAME type="GIP_R2WAFI" version="0001">S2B_OPER_GIP_R2WAFI_MPC__20170206T103040_V20170101T000000_21000101T000000_B11</GIPP_FILENAME>
      <GIPP_FILENAME type="GIP_R2WAFI" version="0001">S2B_OPER_GIP_R2WAFI_MPC__20170206T103040_V20170101T000000_21000101T000000_B05</GIPP_FILENAME>
      <GIPP_FILENAME type="GIP_R2WAFI" version="0001">S2B_OPER_GIP_R2WAFI_MPC__20170206T103040_V20170101T000000_21000101T000000_B12</GIPP_FILENAME>
      <GIPP_FILENAME type="GIP_R2WAFI" version="0001">S2B_OPER_GIP_R2WAFI_MPC__20170206T103039_V20170101T000000_21000101T000000_B03</GIPP_FILENAME>
      <GIPP_FILENAME type="GIP_RESPAR" version="0001">S2B_OPER_GIP_RESPAR_MPC__20170206T103032_V20170101T000000_21000101T000000_B00</GIPP_FILENAME>
      <GIPP_FILENAME type="GIP_SPAMOD" version="0034">S2B_OPER_GIP_SPAMOD_MPC__20230502T000034_V20230504T000000_21000101T000000_B00</GIPP_FILENAME>
      <GIPP_FILENAME type="GIP_TILPAR" version="0001">S2B_OPER_GIP_TILPAR_MPC__20170206T103032_V20170101T000000_21000101T000000_B00</GIPP_FILENAME>
      <GIPP_FILENAME type="GIP_VIEDIR" version="0006">S2B_OPER_GIP_VIEDIR_MPC__20170512T114736_V20170322T000000_21000101T000000_B8A</GIPP_FILENAME>
      <GIPP_FILENAME type="GIP_VIEDIR" version="0006">S2B_OPER_GIP_VIEDIR_MPC__20170512T114736_V20170322T000000_21000101T000000_B01</GIPP_FILENAME>
      <GIPP_FILENAME type="GIP_VIEDIR" version="0006">S2B_OPER_GIP_VIEDIR_MPC__20170512T114736_V20170322T000000_21000101T000000_B11</GIPP_FILENAME>
      <GIPP_FILENAME type="GIP_VIEDIR" version="0006">S2B_OPER_GIP_VIEDIR_MPC__20170512T114736_V20170322T000000_21000101T000000_B08</GIPP_FILENAME>
      <GIPP_FILENAME type="GIP_VIEDIR" version="0006">S2B_OPER_GIP_VIEDIR_MPC__20170512T114736_V20170322T000000_21000101T000000_B03</GIPP_FILENAME>
      <GIPP_FILENAME type="GIP_VIEDIR" version="0006">S2B_OPER_GIP_VIEDIR_MPC__20170512T114736_V20170322T000000_21000101T000000_B07</GIPP_FILENAME>
      <GIPP_FILENAME type="GIP_VIEDIR" version="0006">S2B_OPER_GIP_VIEDIR_MPC__20170512T114736_V20170322T000000_21000101T000000_B02</GIPP_FILENAME>
      <GIPP_FILENAME type="GIP_VIEDIR" version="0006">S2B_OPER_GIP_VIEDIR_MPC__20170512T114736_V20170322T000000_21000101T000000_B12</GIPP_FILENAME>
      <GIPP_FILENAME type="GIP_VIEDIR" version="0006">S2B_OPER_GIP_VIEDIR_MPC__20170512T114736_V20170322T000000_21000101T000000_B04</GIPP_FILENAME>
      <GIPP_FILENAME type="GIP_VIEDIR" version="0006">S2B_OPER_GIP_VIEDIR_MPC__20170512T114736_V20170322T000000_21000101T000000_B06</GIPP_FILENAME>
      <GIPP_FILENAME type="GIP_VIEDIR" version="0006">S2B_OPER_GIP_VIEDIR_MPC__20170512T114736_V20170322T000000_21000101T000000_B09</GIPP_FILENAME>
      <GIPP_FILENAME type="GIP_VIEDIR" version="0006">S2B_OPER_GIP_VIEDIR_MPC__20170512T114736_V20170322T000000_21000101T000000_B05</GIPP_FILENAME>
      <GIPP_FILENAME type="GIP_VIEDIR" version="0006">S2B_OPER_GIP_VIEDIR_MPC__20170512T114736_V20170322T000000_21000101T000000_B10</GIPP_FILENAME>
    
</GIPP_List>
        <PRODUCTION_DEM_TYPE>S2__OPER_DEM_GLOBEF_PDMC_19800101T000000_S19800101T000000</PRODUCTION_DEM_TYPE>
        <IERS_BULLETIN_FILENAME>S2__OPER_AUX_UT1UTC_PDMC_20230601T000000_V20230602T000000_20240531T000000</IERS_BULLETIN_FILENAME>
        <GRI_List>
            <GRI_FILENAME>S2A_OPER_GRI_MSIL1B_MPC__20160521T092233_S20160128T112106</GRI_FILENAME>
            <GRI_FILENAME>S2A_OPER_GRI_MSIL1B_MPC__20160521T102310_S20151209T112522</GRI_FILENAME>
            <GRI_FILENAME>S2A_OPER_GRI_MSIL1B_MPC__20160522T082425_S20160217T112153</GRI_FILENAME>
            <GRI_FILENAME>S2A_OPER_GRI_MSIL1B_MPC__20160921T071820_S20160308T112608</GRI_FILENAME>
            <GRI_FILENAME>S2A_OPER_GRI_MSIL1B_MPC__20161018T120000_S20150930T111556</GRI_FILENAME>
        </GRI_List>
        <ECMWF_DATA_REF>S2__OPER_AUX_ECMWFD_ADG__20230605T000000_V20230605T090000_20230607T030000</ECMWF_DATA_REF>
    </n1:Auxiliary_Data_Info>
    <n1:Quality_Indicators_Info>
        <Cloud_Coverage_Assessment>3.7544370379460905</Cloud_Coverage_Assessment>
        <Snow_Coverage_Assessment>0.0</Snow_Coverage_Assessment>
        <Technical_Quality_Assessment>
            <DEGRADED_ANC_DATA_PERCENTAGE>0.0</DEGRADED_ANC_DATA_PERCENTAGE>
            <DEGRADED_MSI_DATA_PERCENTAGE>0</DEGRADED_MSI_DATA_PERCENTAGE>
        </Technical_Quality_Assessment>
        <Quality_Control_Checks>
            <Quality_Inspections>
                <quality_check checkType="FORMAT_CORRECTNESS">PASSED</quality_check>
                <quality_check checkType="GENERAL_QUALITY">PASSED</quality_check>
                <quality_check checkType="GEOMETRIC_QUALITY">PASSED</quality_check>
                <quality_check checkType="RADIOMETRIC_QUALITY">PASSED</quality_check>
                <quality_check checkType="SENSOR_QUALITY">PASSED</quality_check>
            </Quality_Inspections>
            <Failed_Inspections/>
        </Quality_Control_Checks>
    </n1:Quality_Indicators_Info>
</n1:Level-1C_User_Product>
