<?xml version="1.0" encoding="UTF-8" standalone="yes"?>
<Earth_Explorer_File xmlns="http://gs2.esa.int/DATA_STRUCTURE/olqcReport">
    <Earth_Explorer_Header>
        <Fixed_Header>
            <File_Name>S2B_OPER_MSI_L1C_DS_2BPS_20230605T131150_S20230605T111628_GEOMETRIC_QUALITY_report.xml</File_Name>
            <File_Description>Report produced by OLQC-SC</File_Description>
            <Notes></Notes>
            <Mission>S2B</Mission>
            <File_Class>OPER</File_Class>
            <File_Type>REP_OLQCPA</File_Type>
            <Validity_Period>
                <Validity_Start>UTC=2022-08-30T00:25:00</Validity_Start>
                <Validity_Stop>UTC=2100-01-01T00:00:00</Validity_Stop>
            </Validity_Period>
            <File_Version>2</File_Version>
            <Source>
                <System>OLQC-SC</System>
                <Creator>OLQC-SC</Creator>
                <Creator_Version>06.01.00</Creator_Version>
                <Creation_Date>UTC=2023-06-05T14:12:01</Creation_Date>
            </Source>
        </Fixed_Header>
    </Earth_Explorer_Header>
    <Data_Block type="xml">
        <report gippVersion="1.0" globalStatus="PASSED" date="2023-06-05T14:12:01.674Z">
            <checkList>
                <parentID>S2B_OPER_GIP_OLQCPA_MPC__20220715T000042_V20220830T002500</parentID>
                <name>GEOMETRIC_QUALITY</name>
                <version>1.0</version>
                <item url="/mnt/shared/S2-EXECUTION-CONTEXT-csgroup/98b99513-00b7-4aa4-9a83-38443a5f6bd2/RefiningFinalize/FORMAT_METADATA_DS_L1C/output/PDI_DS/S2B_OPER_MSI_L1C_DS_2BPS_20230605T131150_S20230605T111628_N05.09/" className="PDI Level 1C Datastrip Folder" name="S2B_OPER_MSI_L1C_DS_2BPS_20230605T131150_S20230605T111628_N05.09" class="http://www.esa.int/s2#pdi_level_1c_datastrip_container"/>
                <check>
                    <inspection creation="2023-06-05T14:12:01.233Z" duration="423" execution="2023-06-05T14:12:01.248Z" id="Planimetric_Stability" item="S2B_OPER_MTD_L1C_DS_2BPS_20230605T131150_S20230605T111628.xml" itemURL="/mnt/shared/S2-EXECUTION-CONTEXT-csgroup/98b99513-00b7-4aa4-9a83-38443a5f6bd2/RefiningFinalize/FORMAT_METADATA_DS_L1C/output/PDI_DS/S2B_OPER_MSI_L1C_DS_2BPS_20230605T131150_S20230605T111628_N05.09/S2B_OPER_MTD_L1C_DS_2BPS_20230605T131150_S20230605T111628.xml" name="Check the planimetric stability value  " priority="5" processingStatus="done" status="PASSED"/>
                    <message contentType="text/plain">Planimetric stability is valid (3.0&lt;5.0) </message>
                    <extraValues>
                        <value name="VALUE">3.0</value>
                        <value name="EXPECTED">5.0</value>
                    </extraValues>
                </check>
                <check>
                    <inspection creation="2023-06-05T14:12:01.684Z" duration="1" execution="2023-06-05T14:12:01.691Z" id="Geometric_Refining_Vnir_Swir_Registration" item="S2B_OPER_MTD_L1C_DS_2BPS_20230605T131150_S20230605T111628.xml" itemURL="/mnt/shared/S2-EXECUTION-CONTEXT-csgroup/98b99513-00b7-4aa4-9a83-38443a5f6bd2/RefiningFinalize/FORMAT_METADATA_DS_L1C/output/PDI_DS/S2B_OPER_MSI_L1C_DS_2BPS_20230605T131150_S20230605T111628_N05.09/S2B_OPER_MTD_L1C_DS_2BPS_20230605T131150_S20230605T111628.xml" name="Check of the correctness of the Geometric Refining: VNIR/SWIR Registration. " priority="5" processingStatus="done" status="PASSED"/>
                    <message contentType="text/plain">VNIR / SWIR bands have not been registered.</message>
                </check>
                <check>
                    <inspection creation="2023-06-05T14:12:01.754Z" duration="1" execution="2023-06-05T14:12:01.762Z" id="Geometric_Refining_Image_Refining" item="S2B_OPER_MTD_L1C_DS_2BPS_20230605T131150_S20230605T111628.xml" itemURL="/mnt/shared/S2-EXECUTION-CONTEXT-csgroup/98b99513-00b7-4aa4-9a83-38443a5f6bd2/RefiningFinalize/FORMAT_METADATA_DS_L1C/output/PDI_DS/S2B_OPER_MSI_L1C_DS_2BPS_20230605T131150_S20230605T111628_N05.09/S2B_OPER_MTD_L1C_DS_2BPS_20230605T131150_S20230605T111628.xml" name="Check of the correctness of the Geometric Refining: Image Refining. " priority="5" processingStatus="done" status="PASSED"/>
                    <message contentType="text/plain">Geometric image refining is correct.</message>
                    <extraValues>
                        <value name="X_MEAN">0.004587</value>
                        <value name="Y_MEAN">0.001726</value>
                        <value name="X_STDV">4.625481</value>
                        <value name="Y_STDV">5.739707</value>
                    </extraValues>
                </check>
                <check>
                    <inspection creation="2023-06-05T14:12:01.790Z" duration="1" execution="2023-06-05T14:12:01.797Z" id="Absolute_Location_Value" item="S2B_OPER_MTD_L1C_DS_2BPS_20230605T131150_S20230605T111628.xml" itemURL="/mnt/shared/S2-EXECUTION-CONTEXT-csgroup/98b99513-00b7-4aa4-9a83-38443a5f6bd2/RefiningFinalize/FORMAT_METADATA_DS_L1C/output/PDI_DS/S2B_OPER_MSI_L1C_DS_2BPS_20230605T131150_S20230605T111628_N05.09/S2B_OPER_MTD_L1C_DS_2BPS_20230605T131150_S20230605T111628.xml" name="Check the absolute Location value. " priority="5" processingStatus="done" status="PASSED"/>
                    <message contentType="text/plain">Absolute location is valid (20.0&lt;30.0) </message>
                    <extraValues>
                        <value name="VALUE">20.0</value>
                        <value name="EXPECTED">30.0</value>
                    </extraValues>
                </check>
                <check>
                    <inspection creation="2023-06-05T14:12:01.800Z" duration="658" execution="2023-06-05T14:12:01.807Z" id="Attitude_Quality_Indicator_Raw" item="S2B_OPER_MTD_L1C_DS_2BPS_20230605T131150_S20230605T111628.xml" itemURL="/mnt/shared/S2-EXECUTION-CONTEXT-csgroup/98b99513-00b7-4aa4-9a83-38443a5f6bd2/RefiningFinalize/FORMAT_METADATA_DS_L1C/output/PDI_DS/S2B_OPER_MSI_L1C_DS_2BPS_20230605T131150_S20230605T111628_N05.09/S2B_OPER_MTD_L1C_DS_2BPS_20230605T131150_S20230605T111628.xml" name="Check the admissibility of Raw Attitude Quality Indicator. " priority="5" processingStatus="done" status="PASSED"/>
                    <message contentType="text/plain">No wrong raw attitude indicators were found.</message>
                </check>
                <check>
                    <inspection creation="2023-06-05T14:12:02.529Z" duration="0" execution="2023-06-05T14:12:02.539Z" id="Geometric_Refining_Spatio_Residual_Histograms" item="S2B_OPER_MTD_L1C_DS_2BPS_20230605T131150_S20230605T111628.xml" itemURL="/mnt/shared/S2-EXECUTION-CONTEXT-csgroup/98b99513-00b7-4aa4-9a83-38443a5f6bd2/RefiningFinalize/FORMAT_METADATA_DS_L1C/output/PDI_DS/S2B_OPER_MSI_L1C_DS_2BPS_20230605T131150_S20230605T111628_N05.09/S2B_OPER_MTD_L1C_DS_2BPS_20230605T131150_S20230605T111628.xml" name="Check of the correctness of the Geometric Refining: Spatio Residual Histograms. " priority="5" processingStatus="done" status="PASSED"/>
                    <message contentType="text/plain">Geometric Spatio Residual Histograms not computed.</message>
                </check>
                <check>
                    <inspection creation="2023-06-05T14:12:02.540Z" duration="837" execution="2023-06-05T14:12:02.545Z" id="Attitude_Quality_Indicator_Corrected" item="S2B_OPER_MTD_L1C_DS_2BPS_20230605T131150_S20230605T111628.xml" itemURL="/mnt/shared/S2-EXECUTION-CONTEXT-csgroup/98b99513-00b7-4aa4-9a83-38443a5f6bd2/RefiningFinalize/FORMAT_METADATA_DS_L1C/output/PDI_DS/S2B_OPER_MSI_L1C_DS_2BPS_20230605T131150_S20230605T111628_N05.09/S2B_OPER_MTD_L1C_DS_2BPS_20230605T131150_S20230605T111628.xml" name="Check the admissibility of Corrected Attitude Quality Indicator. " priority="5" processingStatus="done" status="PASSED"/>
                    <message contentType="text/plain">No wrong corrected attitude indicators were found.</message>
                </check>
                <check>
                    <inspection creation="2023-06-05T14:12:03.384Z" duration="3" execution="2023-06-05T14:12:03.389Z" id="Ephemeris_Quality" item="S2B_OPER_MTD_L1C_DS_2BPS_20230605T131150_S20230605T111628.xml" itemURL="/mnt/shared/S2-EXECUTION-CONTEXT-csgroup/98b99513-00b7-4aa4-9a83-38443a5f6bd2/RefiningFinalize/FORMAT_METADATA_DS_L1C/output/PDI_DS/S2B_OPER_MSI_L1C_DS_2BPS_20230605T131150_S20230605T111628_N05.09/S2B_OPER_MTD_L1C_DS_2BPS_20230605T131150_S20230605T111628.xml" name="Check the ephemeris quality value. " priority="5" processingStatus="done" status="PASSED"/>
                    <message contentType="text/plain">Ephemeris quality is valid (3.0&lt;=20.0) </message>
                    <extraValues>
                        <value name="VALUE">3.0</value>
                        <value name="EXPECTED">20.0</value>
                    </extraValues>
                </check>
            </checkList>
        </report>
    </Data_Block>
</Earth_Explorer_File>
